<?xml version="1.0" encoding="UTF-8"?>
<oferta>
    <cd>
        <titulo>Still got the blues</titulo>
        <artista>Gary Moore</artista>
        <país>UK</país>
        <compañía_discográfica>Virgin records</compañía_discográfica>
        <precio>10.20</precio>
        <año_de_publicación>1990</año_de_publicación>
    </cd>
    <cd>
        <titulo>One night only</titulo>
        <artista>Bee Gees</artista>
        <país>UK</país>
        <compañía_discográfica>Polydor</compañía_discográfica>
        <precio>10.90</precio>
        <año_de_publicación>1998</año_de_publicación>
    </cd>
    <cd>
        <titulo>When a man loves a woman</titulo>
        <artista>Percy Sledge</artista>
        <país>USA</país>
        <compañía_discográfica>Atlantic</compañía_discográfica>
        <precio>8.70</precio>
        <año_de_publicación>1987</año_de_publicación>
    </cd>
    <cd>
        <titulo>Big Willie Style</titulo>
        <artista>Will Smith</artista>
        <país>USA</país>
        <compañía_discográfica>Columbia</compañía_discográfica>
        <precio>9.90</precio>
        <año_de_publicación>1997</año_de_publicación>
    </cd>
    <cd>
        <titulo>La canción de Juan Perro</titulo>
        <artista>Radio Futura</artista>
        <país>España</país>
        <compañía_discográfica>Sony Music-Ariola</compañía_discográfica>
        <precio>9.90</precio>
        <año_de_publicación>1987</año_de_publicación>
    </cd>
    <cd>
        <titulo>The dock of the bay</titulo>
        <artista>Otis Redding</artista>
        <país>USA</país>
        <compañía_discográfica>Atlantic</compañía_discográfica>
        <precio>7.90</precio>
        <año_de_publicación>1987</año_de_publicación>
    </cd>
</oferta>