<?xml version="1.0" encoding="UTF-8"?>
<carta_menú>
    <desayuno>
        <nombre>Gofres Belgas</nombre>
        <precio>5.95</precio>
        <descripción>Dos de nuestros famosos Gofres Belgas con abundante sirope</descripción>
        <calorías>650</calorías>
    </desayuno>
    <desayuno>
        <nombre>Gofres Belgas con fresas</nombre>
        <precio>7.95</precio>
        <descripción>Ligeros grofres belgas cubiertos de fresas y nata montada</descripción>
        <calorías>900</calorías>
    </desayuno>
    <desayuno>
        <nombre>Gofres Belgas con frutas del bosque</nombre>
        <precio>8.95</precio>
        <descripción>Ligeros gofres belgas cubiertos con frutas del bosque y nata montada</descripción>
        <calorías>900</calorías>
    </desayuno>
    <desayuno>
        <nombre>Tostada Francesa</nombre>
        <precio>4.50</precio>
        <descripción>Dos gruesas rebanadas de nuestro pan francés casero</descripción>
        <calorías>600</calorías>
    </desayuno>
    <desayuno>
        <nombre>Desayuno de la casa</nombre>
        <precio>6.95</precio>
        <descripción>Dos huevos, bacon o salchica, tostada y patatas fritas</descripción>
        <calorías>950</calorías>
    </desayuno>
</carta_menú>
