<?xml version="1.0" encoding="UTF-8"?>
<!--Documento1-->
<!--Correciones: 
-He pues al 1 las comillas.
-Le he quitado a la etiqueta p esto ], qeu hacia que no funcionará-
-Le he quita esto < a documento.
-Le he añadido a la etiqueta imagen su cierre de etiqueta que le faltaba.
-->
<documento>
    <p>Mi Primer <destacar importancia="1">documento XML</destacar></p>
    <p>Comienza con la etiqueta documento&gt;</p>
    <p>A continuacion colocamos un elemento sin contenido</p> <imagen fichero="imagen.gif"></imagen>
</documento>
