<?xml version="1.0" encoding="UTF-8"?>
<faq xmlns:xsi="http://www.w3.org/2001/XMLSchema-instance">

  <info>
    <titulo>Preguntas Frecuentes</titulo>
    <autor>Juan Pérez</autor>
    <email>juan@example.com</email>
    <version>1.0</version>
    <fecha>2024-05-16</fecha>
  </info>

  <part>
    <q>
      <qtext>¿Cuál es el propósito de este documento?</qtext>
      <a>Este documento tiene como objetivo proporcionar respuestas a preguntas comunes sobre nuestro producto/servicio.</a>
    </q>
    <q>
      <qtext>¿Cómo puedo contactar al servicio de atención al cliente?</qtext>
      <a>Puede contactarnos por correo electrónico a info@ejemplo.com o llamando al +123456789.</a>
    </q>
  </part>

</faq>
