<?xml version="1.0" encoding="UTF-8"?>
<libreria xmlns:xsi="http://www.w3.org/2001/XMLSchema-instance">

  <codigo>1234</codigo>
  <direccion>Calle Principal, 123</direccion>
  <telefono>123456789</telefono>
  <propietario>
    <nombre>Juan Pérez</nombre>
    <telefono>987654321</telefono>
  </propietario>
  
  <libro>
    <titulo>El Quijote</titulo>
    <autor>Miguel de Cervantes</autor>
    <formato>tapa dura</formato>
    <publicacion>1605</publicacion>
    <precio>20.50</precio>
    <cantidad>10</cantidad>
  </libro>
  
  <libro>
    <titulo>Don Juan Tenorio</titulo>
    <autor>José Zorrilla</autor>
    <formato>rústica</formato>
    <publicacion>1844</publicacion>
    <precio>15.99</precio>
    <cantidad>8</cantidad>
  </libro>

</libreria>

 