<?xml version="1.0" encoding="UTF-8"?>
<xs:schema xmlns:xs="http://www.w3.org/2001/XMLSchema"
           xmlns="http://example.com/faq"
           targetNamespace="http://example.com/faq"
           elementFormDefault="qualified">
  <xs:element name="faq">
    <xs:complexType>
      <xs:sequence>
        <xs:element name="info" type="InfoType"/>
        <xs:element name="part" minOccurs="1" maxOccurs="unbounded">
          <xs:complexType>
            <xs:sequence>
              <xs:element name="q" minOccurs="1" maxOccurs="unbounded">
                <xs:complexType>
                  <xs:sequence>
                    <xs:element name="qtext" type="xs:string"/>
                    <xs:element name="a" type="xs:string"/>
                  </xs:sequence>
                </xs:complexType>
              </xs:element>
            </xs:sequence>
          </xs:complexType>
        </xs:element>
      </xs:sequence>
    </xs:complexType>
  </xs:element>
  <xs:complexType name="InfoType">
    <xs:sequence>
      <xs:element name="titulo" type="xs:string"/>
      <xs:element name="autor" type="xs:string"/>
      <xs:element name="email" type="xs:string" minOccurs="0"/>
      <xs:element name="version">
        <xs:simpleType>
          <xs:restriction base="xs:string">
            <xs:pattern value="\d+(\.\d+)+"/>
          </xs:restriction>
        </xs:simpleType>
      </xs:element>
      <xs:element name="fecha" type="xs:date"/>
    </xs:sequence>
  </xs:complexType>
</xs:schema>
