<?xml version="1.0" encoding="UTF-8"?>
<alumnos xmlns:xsi="http://www.w3.org/2001/XMLSchema-instance">
      
  <alumno dni="12345678A">
    <nombre>Juan Pérez</nombre>
    <direccion>
      <calle>Avenida Siempre Viva</calle>
      <numero>123</numero>
      <ciudad>Springfield</ciudad>
      <provincia>Badajoz</provincia>
    </direccion>
    <telefono>123456789</telefono>
    <telefono>987654321</telefono>
  </alumno>

  <alumno dni="87654321B">
    <nombre>María López</nombre>
    <direccion>
      <calle>Calle Falsa</calle>
      <numero>456</numero>
      <ciudad>Shelbyville</ciudad>
      <provincia>Cáceres</provincia>
    </direccion>
    <direccion>
      <calle>Calle Verdadera</calle>
      <numero>789</numero>
      <ciudad>Capital City</ciudad>
      <provincia>Badajoz</provincia>
    </direccion>
    <telefono>112233445</telefono>
  </alumno>

</alumnos>
