<?xml version="1.0" encoding="UTF-8"?>
<mensaje xmlns:xsi="http://www.w3.org/2001/XMLSchema-instance"
         xsi:noNamespaceSchemaLocation="Ejercicio4_Iker_Mendez.xsd">
    <remite>
        <nombre>Alfredo Reino</nombre>
        <email>alf@ibium.com</email>
    </remite>
    <destinatario>
        <nombre>Bill Clinton</nombre>
        <email>president@whitehouse.gov</email>
    </destinatario>
    <asunto>Hola Bill</asunto>
    <texto>
        <parrafo>
            ¿Hola qué tal?...
        </parrafo>
        
    </texto>
</mensaje>
